{"Training Loss": 0.4402559995651245, "Training Accuracy": 0.8311688311688312, "_timestamp": 1683305609.670879, "_runtime": 253.84551978111267, "_step": 4230, "gradients/graph_4fc1.bias": {"_type": "histogram", "values": [1.0, 0.0, 0.0, 0.0, 0.0, 0.0, 0.0, 0.0, 0.0, 1.0, 0.0, 0.0, 0.0, 0.0, 0.0, 0.0, 0.0, 0.0, 0.0, 0.0, 0.0, 0.0, 0.0, 0.0, 0.0, 1.0, 0.0, 0.0, 0.0, 0.0, 0.0, 0.0, 0.0, 3.0, 0.0, 0.0, 0.0, 0.0, 1.0, 0.0, 0.0, 0.0, 0.0, 0.0, 0.0, 0.0, 1.0, 0.0, 0.0, 0.0, 0.0, 1.0, 0.0, 0.0, 0.0, 0.0, 0.0, 0.0, 0.0, 0.0, 0.0, 0.0, 0.0, 1.0], "bins": [-0.030655723065137863, -0.029743846505880356, -0.028831971809267998, -0.02792009525001049, -0.027008220553398132, -0.026096343994140625, -0.025184467434883118, -0.02427259273827076, -0.023360716179013252, -0.022448839619755745, -0.021536964923143387, -0.02062508836388588, -0.01971321366727352, -0.018801337108016014, -0.017889462411403656, -0.01697758585214615, -0.01606570929288864, -0.015153833664953709, -0.014241958037018776, -0.013330081477761269, -0.012418205849826336, -0.011506330221891403, -0.01059445459395647, -0.009682578966021538, -0.00877070426940918, -0.007858828641474247, -0.006946952547878027, -0.006035076919943094, -0.005123200826346874, -0.0042113251984119415, -0.003299449570477009, -0.002387573476880789, -0.0014756973832845688, -0.0005638215807266533, 0.0003480542218312621, 0.0012599299661815166, 0.002171805826947093, 0.0030836816877126694, 0.003995557315647602, 0.004907433409243822, 0.005819309502840042, 0.006731185130774975, 0.007643061224371195, 0.008554937317967415, 0.009466812945902348, 0.01037868857383728, 0.011290564201772213, 0.012202439829707146, 0.013114315457642078, 0.014026191085577011, 0.014938066713511944, 0.015849942341446877, 0.016761818900704384, 0.017673693597316742, 0.01858557015657425, 0.019497446715831757, 0.020409321412444115, 0.021321197971701622, 0.02223307266831398, 0.023144949227571487, 0.024056823924183846, 0.024968700483441353, 0.02588057518005371, 0.026792451739311218, 0.027704328298568726]}, "gradients/graph_4fc1.weight": {"_type": "histogram", "values": [1.0, 0.0, 0.0, 1.0, 2.0, 0.0, 0.0, 0.0, 1.0, 3.0, 5.0, 4.0, 6.0, 12.0, 16.0, 26.0, 32.0, 30.0, 34.0, 57.0, 74.0, 202.0, 154.0, 177.0, 363.0, 377.0, 455.0, 652.0, 1069.0, 1805.0, 1914.0, 41748.0, 5853.0, 2688.0, 1492.0, 1010.0, 619.0, 507.0, 319.0, 240.0, 191.0, 218.0, 94.0, 80.0, 41.0, 44.0, 35.0, 12.0, 16.0, 6.0, 14.0, 4.0, 4.0, 3.0, 3.0, 1.0, 1.0, 0.0, 1.0, 1.0, 0.0, 0.0, 0.0, 3.0], "bins": [-0.04600555822253227, -0.04456504061818123, -0.043124523013830185, -0.04168400540947914, -0.0402434878051281, -0.038802970200777054, -0.03736244887113571, -0.03592193126678467, -0.034481413662433624, -0.03304089605808258, -0.03160037845373154, -0.030159860849380493, -0.02871934324502945, -0.027278825640678406, -0.025838306173682213, -0.02439778856933117, -0.022957272827625275, -0.02151675522327423, -0.020076237618923187, -0.018635720014572144, -0.0171952024102211, -0.015754684805870056, -0.014314165338873863, -0.01287364773452282, -0.011433128267526627, -0.009992610663175583, -0.00855209305882454, -0.007111574523150921, -0.005671056918799877, -0.0042305393144488335, -0.002790020778775215, -0.0013495031744241714, 9.101629257202148e-05, 0.0015315341297537088, 0.002972051966935396, 0.004412570036947727, 0.005853087641298771, 0.007293605245649815, 0.008734123781323433, 0.010174641385674477, 0.011615157127380371, 0.013055674731731415, 0.014496192336082458, 0.015936709940433502, 0.017377227544784546, 0.01881774514913559, 0.020258264616131783, 0.021698782220482826, 0.02313930168747902, 0.024579819291830063, 0.026020336896181107, 0.02746085450053215, 0.028901372104883194, 0.030341889709234238, 0.03178241103887558, 0.033222928643226624, 0.03466344624757767, 0.03610396385192871, 0.037544481456279755, 0.0389849990606308, 0.04042551666498184, 0.041866034269332886, 0.04330655187368393, 0.04474706947803497, 0.04618758708238602]}, "gradients/graph_4conv1.weight": {"_type": "histogram", "values": [1.0, 0.0, 0.0, 1.0, 1.0, 0.0, 2.0, 2.0, 1.0, 2.0, 4.0, 3.0, 2.0, 7.0, 5.0, 5.0, 6.0, 7.0, 6.0, 9.0, 19.0, 64.0, 13.0, 12.0, 14.0, 11.0, 7.0, 7.0, 6.0, 3.0, 4.0, 4.0, 3.0, 4.0, 4.0, 6.0, 0.0, 0.0, 4.0, 8.0, 4.0, 1.0, 5.0, 0.0, 3.0, 0.0, 2.0, 2.0, 1.0, 0.0, 2.0, 2.0, 0.0, 1.0, 2.0, 2.0, 0.0, 0.0, 0.0, 0.0, 1.0, 0.0, 1.0, 2.0], "bins": [-0.017707116901874542, -0.01689797081053257, -0.016088824719190598, -0.015279678627848625, -0.014470532536506653, -0.01366138644516468, -0.012852240353822708, -0.012043094262480736, -0.011233948171138763, -0.010424802079796791, -0.009615655988454819, -0.008806509897112846, -0.007997363805770874, -0.007188218180090189, -0.006379072088748217, -0.005569925997406244, -0.004760780371725559, -0.003951634280383587, -0.0031424881890416145, -0.002333342330530286, -0.0015241962391883135, -0.0007150503806769848, 9.409571066498756e-05, 0.0009032418020069599, 0.001712387427687645, 0.0025215335190296173, 0.0033306796103715897, 0.004139825701713562, 0.004948971793055534, 0.005758117418736219, 0.006567263510078192, 0.007376409601420164, 0.008185556158423424, 0.008994702249765396, 0.009803848341107368, 0.01061299443244934, 0.011422140523791313, 0.012231286615133286, 0.013040432706475258, 0.01384957879781723, 0.014658724889159203, 0.015467870980501175, 0.016277017071843147, 0.01708616316318512, 0.017895309254527092, 0.018704455345869064, 0.019513601437211037, 0.02032274752855301, 0.021131891757249832, 0.021941037848591805, 0.022750183939933777, 0.02355933003127575, 0.02436847612261772, 0.025177622213959694, 0.025986768305301666, 0.02679591439664364, 0.02760506048798561, 0.028414206579327583, 0.029223352670669556, 0.030032498762011528, 0.0308416448533535, 0.031650789082050323, 0.032459937036037445, 0.03326908126473427, 0.03407822921872139]}, "gradients/graph_4conv1.bias": {"_type": "histogram", "values": [1.0, 0.0, 0.0, 0.0, 0.0, 0.0, 0.0, 0.0, 0.0, 0.0, 1.0, 0.0, 0.0, 0.0, 0.0, 0.0, 0.0, 0.0, 0.0, 0.0, 0.0, 0.0, 0.0, 0.0, 0.0, 0.0, 0.0, 0.0, 2.0, 0.0, 1.0, 0.0, 0.0, 1.0, 0.0, 0.0, 1.0, 0.0, 0.0, 0.0, 0.0, 2.0, 1.0, 2.0, 0.0, 2.0, 7.0, 0.0, 0.0, 1.0, 0.0, 1.0, 2.0, 1.0, 0.0, 0.0, 0.0, 0.0, 0.0, 0.0, 1.0, 2.0, 2.0, 1.0], "bins": [-0.0997922345995903, -0.09763436019420624, -0.09547649323940277, -0.09331861883401871, -0.09116074442863464, -0.08900287747383118, -0.08684500306844711, -0.08468712866306305, -0.08252926170825958, -0.08037138730287552, -0.07821352034807205, -0.07605564594268799, -0.07389777153730392, -0.07173990458250046, -0.0695820301771164, -0.06742415577173233, -0.06526628136634827, -0.0631084069609642, -0.06095053628087044, -0.05879266560077667, -0.05663479492068291, -0.05447692424058914, -0.05231904983520508, -0.05016117915511131, -0.04800330847501755, -0.04584543779492378, -0.04368756338953972, -0.04152969270944595, -0.03937182202935219, -0.03721395134925842, -0.03505607694387436, -0.032898206263780594, -0.030740339308977127, -0.028582466766238213, -0.026424596086144447, -0.024266723543405533, -0.022108852863311768, -0.019950980320572853, -0.01779310777783394, -0.015635237097740173, -0.013477366417646408, -0.011319494806230068, -0.009161623194813728, -0.007003750652074814, -0.004845879040658474, -0.002688007429242134, -0.0005301348865032196, 0.0016277367249131203, 0.0037856101989746094, 0.005943481810390949, 0.008101353421807289, 0.010259225964546204, 0.012417097575962543, 0.014574969187378883, 0.016732841730117798, 0.018890712410211563, 0.021048584952950478, 0.023206457495689392, 0.025364328175783157, 0.027522200718522072, 0.029680073261260986, 0.03183794394135475, 0.03399581462144852, 0.03615368902683258, 0.038311559706926346]}, "Test Accuracy": 92.9657524513287, "_wandb": {"runtime": 252}}