{"Training Loss": 0.8193042874336243, "Training Accuracy": 0.73, "_timestamp": 1683305346.466485, "_runtime": 90.12022805213928, "_step": 1244, "gradients/graph_3fc1.bias": {"_type": "histogram", "values": [1.0, 0.0, 0.0, 0.0, 0.0, 0.0, 0.0, 0.0, 0.0, 0.0, 0.0, 0.0, 0.0, 0.0, 0.0, 0.0, 0.0, 0.0, 0.0, 0.0, 0.0, 0.0, 0.0, 0.0, 0.0, 0.0, 0.0, 0.0, 0.0, 0.0, 0.0, 2.0, 0.0, 0.0, 0.0, 3.0, 0.0, 2.0, 0.0, 0.0, 0.0, 0.0, 1.0, 0.0, 0.0, 0.0, 0.0, 0.0, 0.0, 0.0, 0.0, 0.0, 0.0, 0.0, 0.0, 0.0, 0.0, 0.0, 0.0, 0.0, 0.0, 0.0, 0.0, 1.0], "bins": [-0.048910439014434814, -0.047518327832221985, -0.046126216650009155, -0.044734105467796326, -0.043341994285583496, -0.041949883103370667, -0.04055777192115784, -0.03916566073894501, -0.03777354955673218, -0.03638143837451935, -0.03498932719230652, -0.03359721601009369, -0.03220510482788086, -0.03081299364566803, -0.0294208824634552, -0.02802877128124237, -0.02663666196167469, -0.02524455077946186, -0.02385243959724903, -0.0224603284150362, -0.021068217232823372, -0.019676106050610542, -0.018283996731042862, -0.016891885548830032, -0.015499774366617203, -0.014107663184404373, -0.012715552002191544, -0.011323440819978714, -0.009931329637765884, -0.008539218455553055, -0.0071471082046628, -0.00575499702244997, -0.004362884908914566, -0.0029707737267017365, -0.0015786627773195505, -0.00018655182793736458, 0.001205559354275465, 0.0025976705364882946, 0.003989781253039837, 0.0053818924352526665, 0.006774004548788071, 0.0081661157310009, 0.00955822691321373, 0.01095033809542656, 0.012342449277639389, 0.013734560459852219, 0.015126670710742474, 0.016518782824277878, 0.017910892143845558, 0.019303003326058388, 0.020695114508271217, 0.022087225690484047, 0.023479336872696877, 0.024871448054909706, 0.026263557374477386, 0.027655668556690216, 0.029047779738903046, 0.030439890921115875, 0.031832002103328705, 0.033224113285541534, 0.034616224467754364, 0.036008335649967194, 0.03740044683218002, 0.03879255801439285, 0.04018466919660568]}, "gradients/graph_3fc1.weight": {"_type": "histogram", "values": [2.0, 0.0, 0.0, 0.0, 1.0, 0.0, 4.0, 3.0, 2.0, 3.0, 2.0, 12.0, 6.0, 10.0, 11.0, 11.0, 15.0, 23.0, 30.0, 34.0, 30.0, 36.0, 41.0, 45.0, 59.0, 76.0, 76.0, 94.0, 103.0, 160.0, 304.0, 397.0, 735.0, 994.0, 970.0, 1418.0, 3960.0, 41011.0, 5439.0, 2148.0, 1358.0, 1191.0, 562.0, 398.0, 186.0, 151.0, 135.0, 102.0, 83.0, 68.0, 64.0, 46.0, 30.0, 23.0, 19.0, 10.0, 11.0, 8.0, 3.0, 1.0, 3.0, 1.0, 1.0, 1.0], "bins": [-0.10741107910871506, -0.10454767197370529, -0.10168425738811493, -0.09882085025310516, -0.0959574431180954, -0.09309402853250504, -0.09023062139749527, -0.08736720681190491, -0.08450379967689514, -0.08164039254188538, -0.07877697795629501, -0.07591357082128525, -0.07305015623569489, -0.07018674910068512, -0.06732334196567535, -0.06445993483066559, -0.061596520245075226, -0.05873310938477516, -0.0558696985244751, -0.05300629138946533, -0.05014288052916527, -0.047279469668865204, -0.04441606253385544, -0.041552651673555374, -0.03868924081325531, -0.035825829952955246, -0.03296241909265518, -0.030099011957645416, -0.027235601097345352, -0.024372190237045288, -0.021508781239390373, -0.01864537224173546, -0.015781961381435394, -0.012918551452457905, -0.010055141523480415, -0.007191731594502926, -0.004328321665525436, -0.001464911736547947, 0.0013984981924295425, 0.004261907190084457, 0.0071253180503845215, 0.009988727979362011, 0.0128521379083395, 0.015715546905994415, 0.01857895776629448, 0.021442368626594543, 0.02430577762424946, 0.027169186621904373, 0.030032597482204437, 0.0328960083425045, 0.035759419202804565, 0.03862282633781433, 0.041486237198114395, 0.04434964805841446, 0.047213055193424225, 0.05007646605372429, 0.05293987691402435, 0.05580328777432442, 0.05866669863462448, 0.06153010576963425, 0.06439352035522461, 0.06725692749023438, 0.07012033462524414, 0.0729837417602539, 0.07584715634584427]}, "gradients/graph_3conv1.weight": {"_type": "histogram", "values": [1.0, 2.0, 4.0, 0.0, 0.0, 1.0, 1.0, 0.0, 2.0, 5.0, 4.0, 0.0, 5.0, 7.0, 8.0, 4.0, 2.0, 8.0, 12.0, 13.0, 10.0, 32.0, 16.0, 9.0, 12.0, 10.0, 7.0, 10.0, 8.0, 9.0, 9.0, 9.0, 5.0, 8.0, 7.0, 1.0, 3.0, 4.0, 3.0, 3.0, 4.0, 5.0, 3.0, 3.0, 1.0, 4.0, 4.0, 1.0, 1.0, 1.0, 0.0, 1.0, 1.0, 0.0, 0.0, 1.0, 0.0, 1.0, 0.0, 0.0, 1.0, 1.0, 0.0, 1.0], "bins": [-0.007402501534670591, -0.007057073526084423, -0.006711645517498255, -0.0063662175089120865, -0.006020789034664631, -0.005675361026078463, -0.005329933017492294, -0.004984504543244839, -0.004639077000319958, -0.0042936489917337894, -0.003948220983147621, -0.003602792741730809, -0.0032573645003139973, -0.002911936491727829, -0.0025665084831416607, -0.0022210802417248487, -0.0018756520003080368, -0.0015302238753065467, -0.0011847957503050566, -0.0008393677417188883, -0.0004939396167173982, -0.00014851149171590805, 0.00019691651687026024, 0.0005423447582870722, 0.0008877725340425968, 0.001233200659044087, 0.001578628784045577, 0.0019240567926317453, 0.0022694850340485573, 0.0026149130426347256, 0.002960341051220894, 0.003305769292637706, 0.003651197999715805, 0.003996626008301973, 0.004342054016888142, 0.004687482491135597, 0.0050329104997217655, 0.005378338508307934, 0.005723766516894102, 0.00606919452548027, 0.006414622999727726, 0.006760051008313894, 0.0071054790169000626, 0.007450907491147518, 0.0077963354997336864, 0.008141763508319855, 0.008487191051244736, 0.008832619525492191, 0.009178047999739647, 0.009523476473987103, 0.009868904016911983, 0.010214332491159439, 0.01055976003408432, 0.010905188508331776, 0.011250616982579231, 0.011596044525504112, 0.011941472068428993, 0.012286900542676449, 0.01263232808560133, 0.012977756559848785, 0.013323184102773666, 0.013668612577021122, 0.014014041051268578, 0.014359468594193459, 0.014704897068440914]}, "gradients/graph_3conv1.bias": {"_type": "histogram", "values": [1.0, 0.0, 0.0, 2.0, 0.0, 0.0, 2.0, 0.0, 0.0, 1.0, 0.0, 0.0, 1.0, 0.0, 0.0, 1.0, 0.0, 0.0, 0.0, 3.0, 3.0, 1.0, 1.0, 0.0, 1.0, 0.0, 1.0, 0.0, 1.0, 3.0, 1.0, 0.0, 0.0, 1.0, 1.0, 1.0, 2.0, 0.0, 0.0, 0.0, 0.0, 0.0, 0.0, 0.0, 0.0, 1.0, 0.0, 2.0, 0.0, 0.0, 0.0, 0.0, 0.0, 0.0, 0.0, 0.0, 0.0, 0.0, 0.0, 0.0, 0.0, 0.0, 0.0, 1.0], "bins": [-0.014930042438209057, -0.014203771948814392, -0.013477500528097153, -0.012751230038702488, -0.012024959549307823, -0.011298688128590584, -0.010572417639195919, -0.009846147149801254, -0.009119875729084015, -0.00839360523968935, -0.007667334284633398, -0.006941063329577446, -0.006214792840182781, -0.005488521885126829, -0.004762250930070877, -0.004035980440676212, -0.0033097099512815475, -0.002583439229056239, -0.0018571683904156089, -0.0011308975517749786, -0.0004046268295496702, 0.0003216438926756382, 0.0010479148477315903, 0.001774185337126255, 0.0025004567578434944, 0.003226727480068803, 0.003952998202294111, 0.004679269157350063, 0.005405539646744728, 0.00613181060180068, 0.006858081556856632, 0.007584352046251297, 0.008310621604323387, 0.009036892093718052, 0.009763163514435291, 0.010489434003829956, 0.01121570449322462, 0.011941974982619286, 0.012668246403336525, 0.01339451689273119, 0.014120787382125854, 0.01484705787152052, 0.015573329292237759, 0.016299599781632423, 0.017025871202349663, 0.017752140760421753, 0.018478412181138992, 0.01920468360185623, 0.01993095502257347, 0.02065722644329071, 0.0213834960013628, 0.02210976742208004, 0.02283603884279728, 0.02356230840086937, 0.02428857982158661, 0.02501485124230385, 0.02574112080037594, 0.026467392221093178, 0.027193661779165268, 0.027919933199882507, 0.028646204620599747, 0.029372474178671837, 0.030098745599389076, 0.030825015157461166, 0.031551286578178406]}, "_wandb": {"runtime": 92}}