{"Test Accuracy": 11.03, "_timestamp": 1683302926.94589, "_runtime": 14.25175404548645, "_step": 0, "_wandb": {"runtime": 16}}