{"Test Accuracy": 11.09, "_timestamp": 1683302187.9189298, "_runtime": 17.046637773513794, "_step": 0, "_wandb": {"runtime": 20}}