{"Training Loss": 0.16217850148677826, "_timestamp": 1683304963.507602, "_runtime": 225.2870979309082, "_step": 3371, "gradients/graph_1fc1.bias": {"_type": "histogram", "values": [1.0, 0.0, 0.0, 0.0, 0.0, 0.0, 0.0, 0.0, 0.0, 0.0, 0.0, 0.0, 0.0, 0.0, 0.0, 0.0, 0.0, 0.0, 0.0, 1.0, 1.0, 0.0, 1.0, 0.0, 0.0, 0.0, 0.0, 3.0, 0.0, 1.0, 0.0, 0.0, 0.0, 0.0, 0.0, 0.0, 1.0, 0.0, 0.0, 0.0, 0.0, 0.0, 0.0, 0.0, 0.0, 0.0, 0.0, 0.0, 0.0, 0.0, 0.0, 0.0, 0.0, 0.0, 0.0, 0.0, 0.0, 0.0, 0.0, 0.0, 0.0, 0.0, 0.0, 1.0], "bins": [-0.015603599138557911, -0.01503576710820198, -0.014467934146523476, -0.013900102116167545, -0.013332270085811615, -0.01276443712413311, -0.01219660509377718, -0.01162877306342125, -0.011060940101742744, -0.010493108071386814, -0.00992527510970831, -0.009357443079352379, -0.008789611048996449, -0.008221779018640518, -0.007653946056962013, -0.007086114026606083, -0.006518281996250153, -0.005950449500232935, -0.005382617469877005, -0.004814784973859787, -0.004246952943503857, -0.003679120447486639, -0.0031112879514694214, -0.002543455921113491, -0.001975622959434986, -0.0014077906962484121, -0.0008399583166465163, -0.0002721259370446205, 0.00029570632614195347, 0.0008635385893285275, 0.001431371085345745, 0.0019992031157016754, 0.002567034214735031, 0.003134866477921605, 0.003702698741108179, 0.004270531237125397, 0.004838363267481327, 0.005406195763498545, 0.005974028259515762, 0.006541860289871693, 0.007109692320227623, 0.007677524816244841, 0.008245357312262058, 0.008813189342617989, 0.009381021372973919, 0.00994885340332985, 0.010516686365008354, 0.011084518395364285, 0.01165235135704279, 0.01222018338739872, 0.012788016349077225, 0.013355848379433155, 0.013923680409789085, 0.01449151337146759, 0.01505934540182352, 0.01562717743217945, 0.016195010393857956, 0.01676284335553646, 0.017330674454569817, 0.01789850741624832, 0.018466340377926826, 0.019034171476960182, 0.019602004438638687, 0.020169835537672043, 0.020737668499350548]}, "gradients/graph_1fc1.weight": {"_type": "histogram", "values": [2.0, 1.0, 1.0, 2.0, 1.0, 1.0, 4.0, 4.0, 5.0, 7.0, 4.0, 7.0, 7.0, 10.0, 20.0, 12.0, 38.0, 30.0, 31.0, 43.0, 56.0, 57.0, 66.0, 84.0, 109.0, 130.0, 159.0, 181.0, 331.0, 310.0, 388.0, 588.0, 649.0, 902.0, 1515.0, 2514.0, 39721.0, 6618.0, 2246.0, 1442.0, 1026.0, 740.0, 556.0, 422.0, 409.0, 250.0, 203.0, 263.0, 118.0, 100.0, 75.0, 77.0, 63.0, 29.0, 23.0, 17.0, 20.0, 11.0, 11.0, 6.0, 2.0, 1.0, 1.0, 1.0], "bins": [-0.03259660303592682, -0.0317140594124794, -0.030831512063741684, -0.029948966577649117, -0.02906642109155655, -0.02818387560546398, -0.027301330119371414, -0.026418784633278847, -0.02553623914718628, -0.024653693661093712, -0.023771148175001144, -0.022888602688908577, -0.02200605720281601, -0.021123511716723442, -0.020240966230630875, -0.019358420744538307, -0.01847587525844574, -0.017593329772353172, -0.016710784286260605, -0.015828238800168037, -0.01494569331407547, -0.014063147827982903, -0.013180602341890335, -0.012298056855797768, -0.0114155113697052, -0.010532965883612633, -0.009650420397520065, -0.008767874911427498, -0.00788532942533493, -0.007002783939242363, -0.0061202384531497955, -0.005237692967057228, -0.00435514934360981, -0.0034726038575172424, -0.002590058371424675, -0.0017075128853321075, -0.0008249673992395401, 5.7578086853027344e-05, 0.0009401235729455948, 0.0018226690590381622, 0.0027052145451307297, 0.003587760031223297, 0.0044703055173158646, 0.005352851003408432, 0.0062353964895009995, 0.007117941975593567, 0.008000487461686134, 0.008883032947778702, 0.00976557843387127, 0.010648123919963837, 0.011530669406056404, 0.012413214892148972, 0.013295760378241539, 0.014178305864334106, 0.015060851350426674, 0.01594339683651924, 0.01682594232261181, 0.017708487808704376, 0.018591033294796944, 0.01947357878088951, 0.02035612426698208, 0.021238669753074646, 0.022121215239167213, 0.02300376072525978, 0.02388630621135235]}, "gradients/graph_1conv1.weight": {"_type": "histogram", "values": [1.0, 0.0, 2.0, 0.0, 0.0, 1.0, 0.0, 0.0, 2.0, 0.0, 1.0, 0.0, 2.0, 2.0, 2.0, 5.0, 6.0, 3.0, 2.0, 1.0, 1.0, 1.0, 5.0, 2.0, 4.0, 7.0, 13.0, 10.0, 7.0, 14.0, 11.0, 12.0, 8.0, 9.0, 10.0, 20.0, 23.0, 22.0, 6.0, 10.0, 8.0, 6.0, 9.0, 3.0, 7.0, 1.0, 2.0, 4.0, 2.0, 2.0, 2.0, 2.0, 1.0, 0.0, 3.0, 3.0, 1.0, 2.0, 0.0, 1.0, 2.0, 1.0, 0.0, 1.0], "bins": [-0.0343724861741066, -0.03342883661389351, -0.03248518705368042, -0.03154153749346733, -0.030597886070609093, -0.029654236510396004, -0.028710585087537766, -0.027766935527324677, -0.026823285967111588, -0.0258796364068985, -0.02493598684668541, -0.02399233542382717, -0.023048685863614082, -0.022105036303400993, -0.021161384880542755, -0.020217735320329666, -0.019274085760116577, -0.018330436199903488, -0.0173867866396904, -0.01644313521683216, -0.015499485656619072, -0.014555836096405983, -0.01361218560487032, -0.012668535113334656, -0.011724885553121567, -0.010781235992908478, -0.009837585501372814, -0.00889393500983715, -0.007950285449624062, -0.007006635423749685, -0.006062985397875309, -0.005119335372000933, -0.004175685346126556, -0.00323203532025218, -0.002288385294377804, -0.0013447352685034275, -0.0004010852426290512, 0.0005425647832453251, 0.0014862148091197014, 0.0024298648349940777, 0.003373514860868454, 0.00431716488674283, 0.005260814912617207, 0.006204464938491583, 0.007148114964365959, 0.008091764524579048, 0.009035415016114712, 0.009979065507650375, 0.010922715067863464, 0.011866364628076553, 0.012810015119612217, 0.01375366561114788, 0.01469731517136097, 0.01564096473157406, 0.016584616154432297, 0.017528265714645386, 0.018471915274858475, 0.019415564835071564, 0.020359214395284653, 0.02130286581814289, 0.02224651537835598, 0.02319016493856907, 0.024133816361427307, 0.025077465921640396, 0.026021115481853485]}, "gradients/graph_1conv1.bias": {"_type": "histogram", "values": [1.0, 1.0, 0.0, 2.0, 0.0, 0.0, 1.0, 0.0, 0.0, 0.0, 0.0, 1.0, 0.0, 0.0, 0.0, 1.0, 0.0, 2.0, 1.0, 0.0, 1.0, 1.0, 1.0, 0.0, 1.0, 1.0, 1.0, 0.0, 1.0, 0.0, 1.0, 0.0, 0.0, 1.0, 0.0, 1.0, 1.0, 0.0, 1.0, 2.0, 0.0, 0.0, 0.0, 0.0, 0.0, 0.0, 0.0, 1.0, 0.0, 0.0, 0.0, 1.0, 0.0, 1.0, 1.0, 0.0, 0.0, 0.0, 2.0, 0.0, 0.0, 0.0, 0.0, 2.0], "bins": [-0.030389677733182907, -0.029543844982981682, -0.028698014095425606, -0.02785218134522438, -0.027006350457668304, -0.02616051770746708, -0.025314684957265854, -0.024468854069709778, -0.023623021319508553, -0.022777188569307327, -0.02193135768175125, -0.021085524931550026, -0.0202396921813488, -0.019393861293792725, -0.0185480285435915, -0.017702195793390274, -0.016856364905834198, -0.016010532155632973, -0.015164701268076897, -0.014318868517875671, -0.01347303669899702, -0.01262720488011837, -0.011781372129917145, -0.010935540311038494, -0.010089708492159843, -0.009243876673281193, -0.008398044854402542, -0.007552212104201317, -0.006706380285322666, -0.0058605484664440155, -0.0050147161819040775, -0.0041688838973641396, -0.003323053941130638, -0.002477221889421344, -0.0016313898377120495, -0.0007855577860027552, 6.0274265706539154e-05, 0.0009061060845851898, 0.0017519383691251278, 0.0025977706536650658, 0.0034436024725437164, 0.004289434291422367, 0.005135266575962305, 0.005981098860502243, 0.006826930679380894, 0.007672762498259544, 0.00851859524846077, 0.00936442706733942, 0.010210258886218071, 0.011056090705096722, 0.011901922523975372, 0.012747755274176598, 0.013593587093055248, 0.014439418911933899, 0.015285251662135124, 0.01613108441233635, 0.016976915299892426, 0.01782274805009365, 0.018668578937649727, 0.019514411687850952, 0.020360242575407028, 0.021206075325608253, 0.02205190807580948, 0.022897738963365555, 0.02374357171356678]}, "_wandb": {"runtime": 235}}