{"Training Loss": 0.6356532573699951, "_timestamp": 1683305101.314131, "_runtime": 119.79343700408936, "_step": 1695, "gradients/graph_2fc1.bias": {"_type": "histogram", "values": [1.0, 0.0, 0.0, 0.0, 0.0, 0.0, 0.0, 0.0, 0.0, 0.0, 0.0, 0.0, 0.0, 0.0, 0.0, 0.0, 0.0, 1.0, 0.0, 0.0, 0.0, 0.0, 0.0, 0.0, 0.0, 0.0, 0.0, 0.0, 0.0, 0.0, 0.0, 1.0, 0.0, 1.0, 3.0, 0.0, 0.0, 0.0, 0.0, 0.0, 0.0, 0.0, 0.0, 0.0, 1.0, 0.0, 0.0, 0.0, 0.0, 0.0, 1.0, 0.0, 0.0, 0.0, 0.0, 0.0, 0.0, 0.0, 0.0, 0.0, 0.0, 0.0, 0.0, 1.0], "bins": [-0.025739487260580063, -0.024991203099489212, -0.02424292080104351, -0.02349463663995266, -0.022746354341506958, -0.021998070180416107, -0.021249786019325256, -0.020501503720879555, -0.019753221422433853, -0.019004937261343002, -0.0182566549628973, -0.01750837080180645, -0.01676008850336075, -0.016011804342269897, -0.015263521112501621, -0.014515237882733345, -0.013766953721642494, -0.013018670491874218, -0.012270387262105942, -0.011522103101015091, -0.01077382080256939, -0.010025536641478539, -0.009277253411710262, -0.008528970181941986, -0.007780686020851135, -0.007032402791082859, -0.006284119561314583, -0.005535835865885019, -0.004787552636116743, -0.004039269406348467, -0.0032909857109189034, -0.002542702481150627, -0.0017944183200597763, -0.0010461349738761783, -0.0002978516276925802, 0.00045043183490633965, 0.0011987150646746159, 0.001946998294442892, 0.0026952819898724556, 0.003443565219640732, 0.004191847518086433, 0.00494013074785471, 0.005688413977622986, 0.006436697673052549, 0.007184980902820826, 0.007933264598250389, 0.008681547828018665, 0.009429831057786942, 0.010178115218877792, 0.010926398448646069, 0.011674681678414345, 0.012422965839505196, 0.013171248137950897, 0.013919532299041748, 0.014667815528810024, 0.0154160987585783, 0.016164381057024002, 0.016912665218114853, 0.017660947516560555, 0.018409231677651405, 0.019157513976097107, 0.019905798137187958, 0.02065408229827881, 0.02140236459672451, 0.02215064875781536]}, "gradients/graph_2fc1.weight": {"_type": "histogram", "values": [2.0, 1.0, 3.0, 3.0, 3.0, 9.0, 9.0, 12.0, 18.0, 18.0, 24.0, 45.0, 32.0, 38.0, 56.0, 55.0, 86.0, 83.0, 124.0, 126.0, 197.0, 282.0, 414.0, 656.0, 1056.0, 1300.0, 2373.0, 5314.0, 41547.0, 3560.0, 1810.0, 1155.0, 686.0, 385.0, 268.0, 201.0, 152.0, 102.0, 99.0, 70.0, 62.0, 58.0, 48.0, 27.0, 18.0, 16.0, 12.0, 12.0, 16.0, 11.0, 9.0, 12.0, 4.0, 9.0, 6.0, 5.0, 6.0, 3.0, 3.0, 1.0, 0.0, 2.0, 3.0, 3.0], "bins": [-0.06253618001937866, -0.0603170171380043, -0.05809785798192024, -0.05587869510054588, -0.05365953594446182, -0.05144037306308746, -0.049221210181713104, -0.047002047300338745, -0.044782888144254684, -0.042563725262880325, -0.040344566106796265, -0.038125403225421906, -0.035906240344047546, -0.033687081187963486, -0.03146791830658913, -0.029248757287859917, -0.027029596269130707, -0.024810435250401497, -0.022591274231672287, -0.020372111350297928, -0.018152950331568718, -0.015933789312839508, -0.013714627362787724, -0.011495465412735939, -0.009276304394006729, -0.007057142909616232, -0.004837981425225735, -0.0026188199408352375, -0.0003996584564447403, 0.0018195025622844696, 0.004038664512336254, 0.006257826462388039, 0.008476994931697845, 0.010696155950427055, 0.01291531790047884, 0.015134479850530624, 0.017353640869259834, 0.019572801887989044, 0.021791964769363403, 0.024011125788092613, 0.026230286806821823, 0.028449447825551033, 0.030668608844280243, 0.0328877717256546, 0.03510693460702896, 0.03732609376311302, 0.03954525664448738, 0.04176441580057144, 0.0439835786819458, 0.04620274156332016, 0.04842190071940422, 0.05064106360077858, 0.05286022275686264, 0.055079385638237, 0.05729854851961136, 0.05951771140098572, 0.06173687055706978, 0.06395602971315384, 0.0661751925945282, 0.06839435547590256, 0.07061351835727692, 0.07283267378807068, 0.07505183666944504, 0.0772709995508194, 0.07949016243219376]}, "gradients/graph_2conv1.weight": {"_type": "histogram", "values": [1.0, 0.0, 1.0, 0.0, 1.0, 1.0, 3.0, 0.0, 1.0, 0.0, 3.0, 0.0, 1.0, 3.0, 1.0, 3.0, 3.0, 1.0, 1.0, 1.0, 3.0, 1.0, 0.0, 2.0, 3.0, 4.0, 8.0, 9.0, 6.0, 3.0, 6.0, 11.0, 5.0, 13.0, 12.0, 25.0, 41.0, 12.0, 8.0, 8.0, 12.0, 6.0, 8.0, 6.0, 4.0, 5.0, 7.0, 8.0, 4.0, 3.0, 3.0, 1.0, 0.0, 3.0, 2.0, 2.0, 1.0, 0.0, 3.0, 2.0, 0.0, 0.0, 1.0, 2.0], "bins": [-0.01575937122106552, -0.015329943038523197, -0.014900513924658298, -0.014471085742115974, -0.014041656628251076, -0.013612228445708752, -0.013182800263166428, -0.012753371149301529, -0.012323942966759205, -0.01189451478421688, -0.011465085670351982, -0.011035657487809658, -0.010606229305267334, -0.010176800191402435, -0.009747372008860111, -0.009317943826317787, -0.008888514712452888, -0.008459086529910564, -0.008029657416045666, -0.007600229233503342, -0.00717080058529973, -0.006741371937096119, -0.006311943754553795, -0.0058825151063501835, -0.005453086458146572, -0.005023657809942961, -0.004594229161739349, -0.004164800979197025, -0.003735372330993414, -0.0033059436827898026, -0.002876515267416835, -0.002447086852043867, -0.0020176582038402557, -0.0015882296720519662, -0.0011588011402636766, -0.0007293726084753871, -0.00029994407668709755, 0.00012948457151651382, 0.0005589129868894815, 0.0009883414022624493, 0.0014177700504660606, 0.0018471985822543502, 0.0022766271140426397, 0.0027060555294156075, 0.003135484177619219, 0.00356491282582283, 0.003994341008365154, 0.004423769656568766, 0.004853198304772377, 0.005282626952975988, 0.0057120556011796, 0.006141483783721924, 0.006570912431925535, 0.007000341080129147, 0.007429769262671471, 0.00785919837653637, 0.008288626559078693, 0.008718054741621017, 0.009147483855485916, 0.00957691203802824, 0.010006340220570564, 0.010435769334435463, 0.010865197516977787, 0.011294625699520111, 0.01172405481338501]}, "gradients/graph_2conv1.bias": {"_type": "histogram", "values": [1.0, 0.0, 1.0, 0.0, 0.0, 1.0, 0.0, 0.0, 0.0, 0.0, 0.0, 0.0, 0.0, 0.0, 0.0, 1.0, 0.0, 0.0, 2.0, 1.0, 0.0, 1.0, 0.0, 1.0, 1.0, 0.0, 0.0, 1.0, 1.0, 0.0, 1.0, 0.0, 1.0, 0.0, 0.0, 1.0, 1.0, 0.0, 0.0, 1.0, 0.0, 0.0, 1.0, 1.0, 0.0, 2.0, 1.0, 2.0, 4.0, 0.0, 2.0, 0.0, 0.0, 0.0, 0.0, 0.0, 0.0, 0.0, 0.0, 1.0, 0.0, 0.0, 0.0, 1.0], "bins": [-0.031660016626119614, -0.03101845271885395, -0.030376888811588287, -0.029735326766967773, -0.02909376285970211, -0.028452198952436447, -0.027810635045170784, -0.02716907113790512, -0.026527509093284607, -0.025885945186018944, -0.02524438127875328, -0.024602819234132767, -0.023961255326867104, -0.02331969141960144, -0.022678127512335777, -0.022036563605070114, -0.0213950015604496, -0.020753437653183937, -0.020111873745918274, -0.01947031170129776, -0.018828747794032097, -0.018187183886766434, -0.01754561997950077, -0.016904056072235107, -0.016262492164969444, -0.015620928257703781, -0.014979365281760693, -0.01433780137449503, -0.013696238398551941, -0.013054674491286278, -0.012413110584020615, -0.011771547608077526, -0.011129983700811863, -0.0104884197935462, -0.009846856817603111, -0.009205292910337448, -0.00856372993439436, -0.007922166027128696, -0.007280602585524321, -0.006639039143919945, -0.005997476167976856, -0.00535591272637248, -0.0047143492847681046, -0.004072785377502441, -0.0034312221687287092, -0.0027896587271243334, -0.002148095052689314, -0.001506531611084938, -0.0008649677038192749, -0.00022340420400723815, 0.0004181592958047986, 0.0010597228538244963, 0.0017012862954288721, 0.002342849737033248, 0.0029844134114682674, 0.0036259768530726433, 0.004267540294677019, 0.004909103736281395, 0.005550667177885771, 0.006192230619490147, 0.00683379452675581, 0.007475357502698898, 0.008116921409964561, 0.008758485317230225, 0.009400048293173313]}, "_wandb": {"runtime": 120}}